{"cameraMode":{"drawMode":0,"name":"Shaded","section":"Shading Mode"},"sceneLighting":true,"audioPlay":false,"sceneViewState":{"m_AlwaysRefresh":false,"showFog":true,"showSkybox":true,"showFlares":true,"showImageEffects":true,"showParticleSystems":true,"showVisualEffectGraphs":true,"m_FxEnabled":true},"in2DMode":false,"pivot":{"x":26.465076446533204,"y":0.16453146934509278,"z":-3.8581228256225588},"rotation":{"x":-0.03095778077840805,"y":-0.7964338660240173,"z":0.04089037701487541,"w":-0.6025772094726563},"size":7.184769630432129,"orthographic":false}